ID,CallDate,Overall_sat,Assist_Sat,Info,Off_protocol,Behaviour,Procedure,Advice,Addn_info,Availability,Resource,Dept_protocol,Dept_beh,Safety,Feedback
101,02/27/2020 12:00:00 AM,5,5,5,5,5,5,5,5,5,5,5,5,5,2
102,02/27/2020 12:00:00 AM,3,5,4,3,5,3,1,1,4,5,4,4,5,2
103,02/27/2020 12:00:00 AM,4,5,5,5,5,5,5,5,1,5,5,4,1,2
112,02/27/2020 12:00:00 AM,4,5,5,5,5,5,4,5,4,4,4,5,4,2
117,02/27/2020 12:00:00 AM,1,5,3,3,2,3,7,7,1,1,2,1,3,1
118,02/27/2020 12:00:00 AM,3,5,1,1,4,1,1,3,1,4,1,3,5,2
119,02/27/2020 12:00:00 AM,5,5,4,4,4,4,4,6,4,4,4,4,4,2
120,02/27/2020 12:00:00 AM,1,5,5,1,5,7,7,7,6,6,6,5,2,2
122,02/27/2020 12:00:00 AM,4,3,5,5,5,5,7,7,6,6,6,5,6,1
137,02/27/2020 12:00:00 AM,5,9,4,4,4,4,4,4,4,4,4,7,4,2
138,02/27/2020 12:00:00 AM,5,5,5,5,5,5,7,7,5,3,4,5,1,1
141,02/27/2020 12:00:00 AM,5,5,4,5,5,3,5,3,3,3,4,2,4,2
143,02/27/2020 12:00:00 AM,5,5,4,4,4,4,4,3,5,5,5,5,5,2
148,02/27/2020 12:00:00 AM,2,5,7,7,5,2,2,2,4,6,3,4,2,2
149,02/27/2020 12:00:00 AM,5,5,5,5,5,5,5,5,5,5,5,5,5,2
150,02/27/2020 12:00:00 AM,5,5,3,3,3,3,3,3,5,5,2,4,4,2
124,03-02-2020 00:00,4,4,4,4,5,3,2,2,4,4,6,4,6,2
125,03-02-2020 00:00,5,5,5,5,5,5,3,2,5,6,4,5,4,2
129,03-02-2020 00:00,5,5,7,7,5,7,7,7,4,6,4,4,2,2
130,03-02-2020 00:00,5,5,5,5,5,5,7,7,1,4,4,4,1,1
131,03-02-2020 00:00,5,4,5,5,5,5,7,7,5,5,5,5,5,2
132,03-02-2020 00:00,5,5,4,5,5,4,7,7,5,3,7,5,2,2
133,03-02-2020 00:00,3,5,7,5,5,1,5,4,3,5,5,5,4,2
135,03-02-2020 00:00,5,5,2,5,5,2,7,7,5,5,5,5,5,1
136,03-02-2020 00:00,5,5,5,5,5,5,7,7,2,1,6,5,1,2
139,03-02-2020 00:00,5,5,4,4,4,4,4,7,4,4,4,4,4,2
142,03-02-2020 00:00,4,3,4,4,4,4,7,7,4,4,4,4,4,2
144,03-02-2020 00:00,5,5,5,5,5,5,5,5,5,5,5,5,5,2
145,03-02-2020 00:00,5,5,3,4,4,2,3,3,4,4,4,4,4,2
151,03-02-2020 00:00,5,5,5,5,5,5,5,5,3,3,4,4,4,2
152,03-02-2020 00:00,4,4,4,4,4,5,5,1,3,7,5,5,5,2
153,03-02-2020 00:00,5,4,4,4,4,1,7,7,3,3,3,3,3,2
154,03-02-2020 00:00,5,5,4,5,5,5,5,5,4,4,5,5,5,2
155,03-02-2020 00:00,5,3,4,3,4,1,3,3,4,3,1,3,1,1
156,03-02-2020 00:00,5,5,4,4,4,4,4,4,4,4,4,4,4,2
157,03-02-2020 00:00,5,5,5,5,5,5,5,5,5,5,5,5,5,2
158,03-02-2020 00:00,5,4,4,4,4,4,7,7,5,5,5,5,5,2
159,03-02-2020 00:00,5,5,4,4,4,7,4,4,5,5,5,5,5,2
160,03-02-2020 00:00,3,3,5,5,5,5,5,5,1,2,1,4,1,1
162,03-02-2020 00:00,5,5,5,5,5,5,5,5,5,5,5,5,5,2
163,03-02-2020 00:00,2,2,5,5,5,4,5,3,4,4,4,5,4,2
164,03-02-2020 00:00,5,5,5,5,5,5,7,7,5,3,7,5,1,1
177,03-02-2020 00:00,5,5,5,5,5,5,5,5,5,5,5,5,5,2
185,03-02-2020 00:00,5,5,5,5,5,5,7,7,5,6,5,5,4,2
192,03-02-2020 00:00,5,5,5,5,5,5,7,7,3,6,6,5,3,2
193,03-02-2020 00:00,5,5,5,5,5,5,5,5,5,5,5,5,5,2
194,03-02-2020 00:00,4,4,7,7,5,7,7,7,3,3,3,3,3,2
198,03-02-2020 00:00,5,5,5,5,5,5,5,5,5,5,5,5,4,1
200,03-02-2020 00:00,3,3,5,5,5,5,5,5,3,4,4,5,5,2
251,03-02-2020 00:00,1,5,1,1,1,1,1,1,3,3,3,3,3,2
253,03-02-2020 00:00,5,3,5,5,5,5,5,5,5,5,5,5,5,2
266,03-02-2020 00:00,4,4,5,5,5,5,3,3,3,6,5,5,5,2
267,03-02-2020 00:00,3,2,5,4,5,4,3,3,3,2,2,4,2,2
268,03-02-2020 00:00,5,5,5,5,5,5,2,2,5,5,5,5,5,2
269,03-02-2020 00:00,5,5,5,5,5,2,5,2,5,5,5,5,5,2
270,03-02-2020 00:00,4,4,4,4,5,2,3,3,4,4,4,4,4,2
271,03-02-2020 00:00,4,5,5,5,5,4,5,2,4,4,4,5,5,1
272,03-02-2020 00:00,4,5,5,5,5,5,3,3,5,5,5,5,5,2
273,03-02-2020 00:00,3,5,4,1,2,2,1,1,5,5,5,5,5,2
274,03-02-2020 00:00,4,5,5,5,5,6,5,7,5,5,5,5,5,2
275,03-02-2020 00:00,5,5,5,5,5,5,5,3,5,5,5,5,5,2
104,03-03-2020 00:00,5,5,5,5,5,3,5,1,5,5,5,3,3,2
105,03-03-2020 00:00,2,5,3,3,1,4,1,3,3,4,4,2,2,2
106,03-03-2020 00:00,5,5,5,5,5,5,5,5,4,4,3,5,5,2
107,03-03-2020 00:00,1,3,3,2,5,2,1,1,1,2,1,5,1,1
108,03-03-2020 00:00,5,5,5,5,5,5,4,4,4,2,4,5,2,2
109,03-03-2020 00:00,3,3,3,3,5,3,2,2,3,2,2,4,3,2
134,03-03-2020 00:00,5,5,5,5,5,5,7,7,5,6,5,5,3,1
146,03-03-2020 00:00,5,5,4,4,4,2,7,7,4,4,4,4,4,2
147,03-03-2020 00:00,5,5,5,5,5,5,5,5,4,5,5,5,5,2
161,03-03-2020 00:00,5,5,5,5,5,4,5,4,4,4,4,5,3,2
165,03-03-2020 00:00,4,5,5,5,5,3,1,1,4,3,4,5,4,2
166,03-03-2020 00:00,5,5,5,5,5,5,6,2,5,5,5,5,5,2
167,03-03-2020 00:00,4,4,4,4,5,4,3,1,4,3,3,5,3,2
168,03-03-2020 00:00,5,5,5,5,5,7,5,3,5,6,6,5,6,2
195,03-03-2020 00:00,5,5,5,5,5,5,7,7,5,4,5,5,5,2
196,03-03-2020 00:00,5,5,5,5,5,5,5,7,5,5,5,5,5,1
197,03-03-2020 00:00,5,5,5,6,5,5,5,7,5,5,5,5,5,2
199,03-03-2020 00:00,5,5,5,5,5,5,5,5,5,5,5,5,5,2
205,03-03-2020 00:00,4,4,5,4,3,4,1,1,4,4,3,3,4,2
206,03-03-2020 00:00,5,5,5,5,5,5,5,3,2,5,5,5,5,2
207,03-03-2020 00:00,4,4,5,4,5,5,3,5,2,4,2,3,3,2
208,03-03-2020 00:00,5,5,5,5,5,5,2,2,5,5,5,5,5,2
228,03-03-2020 00:00,5,5,5,5,5,5,5,5,5,5,5,5,5,2
229,03-03-2020 00:00,5,5,7,4,5,4,7,7,4,4,4,4,4,2
230,03-03-2020 00:00,5,5,5,5,5,5,7,7,4,4,3,4,4,2
231,03-03-2020 00:00,5,5,5,5,5,5,7,7,5,6,6,5,4,2
232,03-03-2020 00:00,5,5,5,5,5,5,5,7,5,5,5,5,5,1
233,03-03-2020 00:00,4,5,5,5,5,5,5,7,4,5,5,5,5,2
234,03-03-2020 00:00,5,5,5,5,5,4,7,7,4,3,3,4,3,2
235,03-03-2020 00:00,5,5,5,5,5,5,7,7,4,6,5,5,4,2
236,03-03-2020 00:00,1,1,1,1,1,1,1,1,1,1,1,1,1,1
237,03-03-2020 00:00,5,4,5,7,5,5,7,7,5,6,2,4,3,2
250,03-03-2020 00:00,4,5,4,5,4,5,5,3,4,5,4,3,4,2
284,03-03-2020 00:00,4,4,5,6,5,5,1,1,5,5,5,5,1,2
285,03-03-2020 00:00,5,3,2,2,5,5,1,1,4,1,1,5,2,2
286,03-03-2020 00:00,5,5,5,5,5,5,7,7,5,5,6,5,6,2
287,03-03-2020 00:00,4,4,5,4,5,5,7,5,4,6,6,5,6,2
288,03-03-2020 00:00,5,5,7,7,5,7,7,7,5,5,5,5,5,2
289,03-03-2020 00:00,4,2,5,5,5,4,7,7,6,6,6,6,6,2
290,03-03-2020 00:00,3,4,5,5,5,5,7,7,2,3,3,5,1,2
291,03-03-2020 00:00,5,5,5,5,5,5,5,5,5,5,5,5,5,1
292,03-03-2020 00:00,4,3,5,4,5,5,5,7,3,5,3,4,3,2
123,03-04-2020 00:00,5,5,5,4,5,7,7,7,5,4,5,5,4,2
126,03-04-2020 00:00,3,5,2,1,3,1,1,1,2,3,2,4,3,2
127,03-04-2020 00:00,5,4,5,4,5,7,7,7,4,5,6,4,4,2
128,03-04-2020 00:00,4,4,5,5,5,5,7,7,2,3,2,3,2,2
140,03-04-2020 00:00,1,1,1,1,1,1,1,1,1,1,1,1,1,2
178,03-04-2020 00:00,5,5,5,7,5,7,7,7,3,4,6,4,4,2
179,03-04-2020 00:00,5,4,5,3,4,3,5,3,3,6,3,4,3,2
180,03-04-2020 00:00,4,3,4,4,4,4,4,6,4,4,4,4,4,1
181,03-04-2020 00:00,1,5,2,1,4,4,1,1,1,4,7,3,1,1
182,03-04-2020 00:00,1,1,5,5,5,5,6,7,2,6,2,4,2,1
183,03-04-2020 00:00,5,5,4,4,5,5,4,4,4,4,4,4,4,2
184,03-04-2020 00:00,5,5,5,5,5,5,7,4,5,5,5,5,5,2
186,03-04-2020 00:00,5,5,4,4,4,4,4,2,4,4,4,4,4,2
187,03-04-2020 00:00,5,5,4,4,4,4,3,3,6,6,4,5,5,2
188,03-04-2020 00:00,5,5,5,4,5,5,5,3,4,5,5,5,5,2
189,03-04-2020 00:00,5,5,5,5,5,5,3,4,5,5,5,5,5,2
190,03-04-2020 00:00,5,5,5,5,5,5,5,7,6,5,5,5,5,2
191,03-04-2020 00:00,5,5,4,4,4,4,4,4,4,4,4,4,4,2
215,03-04-2020 00:00,4,4,4,4,4,4,2,2,4,2,2,4,4,2
216,03-04-2020 00:00,4,4,5,5,5,4,4,2,4,4,5,5,5,2
217,03-04-2020 00:00,3,4,3,2,2,2,2,2,4,4,4,4,4,1
218,03-04-2020 00:00,3,3,2,6,4,2,2,2,6,6,6,6,6,2
219,03-04-2020 00:00,5,5,4,4,4,4,6,2,4,4,4,4,4,2
220,03-04-2020 00:00,4,5,5,4,5,4,6,6,3,4,4,4,2,2
221,03-04-2020 00:00,5,5,4,5,5,5,4,3,4,4,4,3,4,2
222,03-04-2020 00:00,5,5,4,4,5,4,7,7,3,4,6,4,4,2
223,03-04-2020 00:00,5,5,5,5,5,5,4,3,5,5,5,5,5,2
224,03-04-2020 00:00,5,5,4,4,4,4,7,7,4,6,4,4,6,2
225,03-04-2020 00:00,5,4,4,4,4,4,4,4,4,4,4,5,4,2
226,03-04-2020 00:00,4,5,4,4,5,2,3,2,3,4,3,4,4,2
227,03-04-2020 00:00,5,5,5,5,5,5,7,7,5,5,5,5,5,2
238,03-04-2020 00:00,5,5,5,5,5,5,5,2,5,5,5,5,5,1
239,03-04-2020 00:00,5,5,4,1,5,1,1,1,5,5,3,5,4,2
240,03-04-2020 00:00,5,5,5,5,5,5,5,3,4,5,5,5,4,2
241,03-04-2020 00:00,4,5,5,3,5,3,1,1,5,3,5,5,2,2
242,03-04-2020 00:00,4,4,5,4,4,5,5,3,5,5,5,5,5,2
243,03-04-2020 00:00,2,3,5,5,5,5,5,3,5,5,3,3,5,2
244,03-04-2020 00:00,5,5,5,5,5,5,3,3,5,5,4,4,4,1
245,03-04-2020 00:00,5,5,3,5,5,5,6,4,3,1,3,5,5,2
246,03-04-2020 00:00,4,5,5,3,5,3,5,5,4,5,5,5,5,1
247,03-04-2020 00:00,3,5,5,5,5,5,5,3,3,3,5,5,5,2
248,03-04-2020 00:00,5,5,5,5,5,7,7,3,5,7,7,5,5,2
249,03-04-2020 00:00,5,5,5,5,5,5,5,5,5,5,5,5,3,2
252,03-04-2020 00:00,4,5,1,1,1,1,1,1,5,3,3,3,3,1
254,03-04-2020 00:00,3,3,3,2,5,3,1,1,5,1,1,4,1,2
255,03-04-2020 00:00,5,3,5,5,5,5,5,1,5,5,5,5,5,2
256,03-04-2020 00:00,3,5,7,7,5,5,5,1,3,4,5,5,4,2
257,03-04-2020 00:00,5,5,7,7,5,5,7,7,5,3,3,5,3,2
258,03-04-2020 00:00,5,5,5,5,5,5,7,7,5,5,5,5,5,2
259,03-04-2020 00:00,5,5,7,4,4,3,3,3,5,4,3,4,4,2
260,03-04-2020 00:00,3,2,4,4,4,2,2,2,3,4,3,3,3,2
261,03-04-2020 00:00,2,4,1,1,3,1,1,7,1,1,1,3,1,1
262,03-04-2020 00:00,3,5,5,5,5,5,5,1,4,4,4,4,4,2
263,03-04-2020 00:00,3,4,4,4,4,4,2,1,4,4,4,4,3,2
264,03-04-2020 00:00,3,3,5,1,5,1,1,1,5,4,1,5,1,2
265,03-04-2020 00:00,3,5,5,5,5,5,7,7,2,4,4,4,4,2
278,03-04-2020 00:00,4,5,4,4,5,4,2,3,4,2,2,3,2,1
279,03-04-2020 00:00,4,5,5,5,5,5,3,1,5,3,2,5,2,2
280,03-04-2020 00:00,4,5,4,3,4,4,3,1,4,5,4,4,4,2
281,03-04-2020 00:00,5,5,5,5,5,5,5,5,5,5,5,5,5,2
282,03-04-2020 00:00,1,1,1,1,1,1,1,1,1,1,1,1,1,1
283,03-04-2020 00:00,4,4,5,4,5,5,5,4,5,5,5,5,5,1
110,03-05-2020 00:00,5,5,5,5,5,5,2,2,5,3,5,5,2,2
111,03-05-2020 00:00,4,5,4,4,5,4,4,2,4,4,6,5,4,2
113,03-05-2020 00:00,5,1,5,5,5,5,5,2,4,2,1,4,4,2
114,03-05-2020 00:00,5,5,5,7,5,5,5,4,5,4,3,5,3,2
115,03-05-2020 00:00,5,5,5,5,5,4,3,4,4,3,5,5,3,2
116,03-05-2020 00:00,4,4,5,5,5,5,5,5,4,4,5,5,5,2
121,03-05-2020 00:00,4,5,5,5,5,3,7,7,5,7,5,5,5,2
169,03-05-2020 00:00,4,5,5,5,4,5,7,2,5,7,4,4,4,2
170,03-05-2020 00:00,4,5,5,5,5,4,4,2,5,5,4,5,5,2
171,03-05-2020 00:00,5,5,4,4,4,4,4,4,4,4,4,4,4,2
172,03-05-2020 00:00,5,5,5,5,5,4,4,4,4,4,5,5,5,2
173,03-05-2020 00:00,4,4,4,2,2,2,2,2,2,2,2,2,2,2
174,03-05-2020 00:00,5,5,5,4,5,5,5,4,4,4,4,5,4,2
175,03-05-2020 00:00,5,5,5,4,5,2,2,2,5,4,4,4,2,2
176,03-05-2020 00:00,5,5,4,3,4,2,7,7,3,4,7,4,4,2
201,03-05-2020 00:00,4,4,4,4,4,2,4,2,4,4,2,2,2,2
202,03-05-2020 00:00,5,5,5,5,5,3,7,7,4,7,7,5,5,2
203,03-05-2020 00:00,5,5,4,5,5,5,3,4,5,4,3,5,4,2
204,03-05-2020 00:00,3,5,2,4,4,3,2,2,4,4,4,4,4,1
209,03-05-2020 00:00,5,4,4,4,4,4,4,3,3,4,4,4,3,2
210,03-05-2020 00:00,5,4,4,4,5,4,2,4,2,2,3,4,1,2
211,03-05-2020 00:00,5,5,4,4,5,4,4,2,5,4,2,5,4,2
212,03-05-2020 00:00,5,5,4,4,5,3,2,4,5,3,3,5,3,2
213,03-05-2020 00:00,5,5,5,5,5,5,5,5,5,5,5,5,5,2
214,03-05-2020 00:00,5,5,5,4,5,4,4,2,4,3,3,4,4,2
276,03-05-2020 00:00,5,5,5,5,5,5,5,5,5,5,5,5,5,2
277,03-05-2020 00:00,5,3,5,5,4,2,2,2,4,4,2,5,4,2
293,03-05-2020 00:00,3,5,4,2,5,2,1,7,3,3,3,4,6,2
294,03-05-2020 00:00,2,4,4,3,4,3,4,1,2,3,2,1,2,2
295,03-05-2020 00:00,4,3,4,3,5,5,4,5,5,5,4,5,5,2
296,03-05-2020 00:00,5,5,5,5,5,4,5,5,5,5,5,5,5,1
297,03-05-2020 00:00,2,5,4,4,5,2,4,2,4,2,2,4,1,2
298,03-05-2020 00:00,3,4,4,4,4,4,3,2,3,3,3,4,2,2
299,03-05-2020 00:00,1,4,2,4,4,4,2,2,4,4,4,4,2,1
300,03-05-2020 00:00,4,5,5,5,5,4,7,7,4,4,4,5,2,2
432,05/28/2020 12:00:00 AM,5,5,5,5,5,5,5,5,1,1,2,4,1,2
433,05/28/2020 12:00:00 AM,4,5,5,5,5,5,2,2,4,4,4,3,3,2
434,05/28/2020 12:00:00 AM,5,5,5,5,5,5,5,5,5,5,4,5,5,2
435,05/28/2020 12:00:00 AM,5,5,5,5,5,5,5,5,5,5,5,5,5,2
436,05/28/2020 12:00:00 AM,5,5,5,5,5,5,5,7,1,6,6,4,6,2
437,05/28/2020 12:00:00 AM,4,5,7,7,5,5,2,1,2,6,6,5,3,2
451,05/28/2020 12:00:00 AM,4,4,5,5,5,5,3,3,4,3,4,5,3,2
452,05/28/2020 12:00:00 AM,1,5,1,1,1,1,1,1,3,1,1,4,3,1
453,05/28/2020 12:00:00 AM,5,5,5,5,5,5,5,7,4,5,5,5,5,2
454,05/28/2020 12:00:00 AM,4,5,5,5,5,5,5,1,5,5,5,5,4,2
455,05/28/2020 12:00:00 AM,5,5,5,5,5,5,7,7,5,6,6,5,5,2
456,05/28/2020 12:00:00 AM,4,4,7,7,4,2,7,7,3,3,1,1,1,2
457,05/28/2020 12:00:00 AM,5,5,5,5,5,5,3,4,5,4,4,5,4,2
461,05/28/2020 12:00:00 AM,4,4,4,4,5,5,2,4,4,2,1,2,2,2
471,05/28/2020 12:00:00 AM,5,5,5,5,5,5,5,2,5,5,5,5,5,2
472,05/28/2020 12:00:00 AM,4,3,4,4,4,2,2,3,3,3,4,5,2,2
473,05/28/2020 12:00:00 AM,5,5,3,4,4,4,3,3,4,3,3,4,4,2
474,05/28/2020 12:00:00 AM,5,5,5,5,5,5,5,5,4,6,5,5,4,2
475,05/28/2020 12:00:00 AM,5,5,4,5,5,5,4,4,5,4,4,5,2,2
476,05/28/2020 12:00:00 AM,5,5,5,5,5,5,5,7,5,5,5,5,5,2
477,05/28/2020 12:00:00 AM,4,5,4,3,4,4,3,4,2,4,5,3,3,2
478,05/28/2020 12:00:00 AM,5,5,5,5,5,5,5,7,5,5,5,5,5,2
479,05/28/2020 12:00:00 AM,5,5,5,5,5,4,3,5,5,4,5,5,5,2
480,05/28/2020 12:00:00 AM,5,5,5,5,5,5,5,5,5,5,2,4,4,2
481,05/28/2020 12:00:00 AM,4,5,5,5,5,5,3,2,2,2,4,5,2,1
482,05/28/2020 12:00:00 AM,4,4,4,4,4,5,7,7,3,3,3,2,3,2
483,05/28/2020 12:00:00 AM,5,5,5,5,5,5,5,5,5,5,5,5,5,2
484,05/28/2020 12:00:00 AM,5,5,5,5,5,5,5,7,4,4,5,5,5,2
485,05/28/2020 12:00:00 AM,5,5,4,5,5,4,4,5,5,5,5,5,5,1
486,05/28/2020 12:00:00 AM,5,5,5,5,5,5,5,5,5,3,5,5,4,2
487,05/28/2020 12:00:00 AM,2,5,1,2,5,4,2,2,4,6,6,5,1,1
489,05/28/2020 12:00:00 AM,5,5,5,5,5,5,7,7,2,3,3,3,2,2
490,05/28/2020 12:00:00 AM,4,5,5,5,5,5,5,5,5,4,5,5,5,2
491,05/28/2020 12:00:00 AM,5,5,5,5,5,5,5,7,6,5,6,5,5,2
499,05/28/2020 12:00:00 AM,4,4,3,4,4,5,7,7,3,6,3,4,3,2
319,06-01-2020 00:00,4,5,3,6,5,5,5,7,4,4,3,5,7,2
320,06-01-2020 00:00,4,5,5,5,5,5,2,2,3,3,7,5,7,2
323,06-01-2020 00:00,4,4,7,7,5,5,7,7,6,6,6,4,2,1
326,06-01-2020 00:00,3,5,4,5,5,3,7,7,5,5,5,5,5,2
327,06-01-2020 00:00,5,5,5,5,5,5,5,7,5,5,7,5,5,2
328,06-01-2020 00:00,5,5,5,5,5,5,1,3,3,6,6,5,3,2
415,06-01-2020 00:00,1,4,1,3,1,3,2,4,3,4,3,4,3,1
416,06-01-2020 00:00,5,5,4,5,5,7,7,7,5,7,5,5,2,2
417,06-01-2020 00:00,3,5,5,5,5,5,5,5,5,5,5,5,5,2
418,06-01-2020 00:00,5,5,5,5,5,5,2,1,5,4,5,5,5,2
419,06-01-2020 00:00,5,5,5,5,5,5,4,4,4,4,3,5,3,2
420,06-01-2020 00:00,5,5,5,5,5,5,7,3,5,5,5,5,5,2
421,06-01-2020 00:00,5,5,5,5,5,5,5,5,4,5,5,5,5,1
422,06-01-2020 00:00,4,5,5,5,5,5,5,2,5,5,5,5,5,1
423,06-01-2020 00:00,2,5,4,5,5,5,1,1,3,4,3,4,3,2
438,06-01-2020 00:00,4,5,3,5,5,5,5,7,4,5,5,4,3,2
439,06-01-2020 00:00,5,3,4,4,5,4,1,1,4,4,3,4,4,2
440,06-01-2020 00:00,5,5,4,5,5,5,7,7,4,3,3,4,6,2
441,06-01-2020 00:00,5,5,5,5,5,5,7,1,5,5,5,5,5,2
442,06-01-2020 00:00,4,4,5,5,5,5,7,7,4,6,2,3,1,2
443,06-01-2020 00:00,5,5,5,5,5,5,5,5,5,5,5,5,5,2
444,06-01-2020 00:00,5,5,5,5,5,5,5,5,5,5,5,5,5,2
445,06-01-2020 00:00,5,5,5,5,5,5,7,5,5,5,5,5,5,2
446,06-01-2020 00:00,5,5,5,5,5,5,1,7,3,5,5,5,5,2
447,06-01-2020 00:00,5,5,5,5,5,5,5,1,4,6,4,4,4,2
448,06-01-2020 00:00,5,5,4,4,5,3,7,7,5,3,3,4,3,2
449,06-01-2020 00:00,4,3,5,5,5,5,7,7,4,6,4,4,7,2
450,06-01-2020 00:00,4,5,5,4,5,6,5,7,5,4,5,5,5,1
458,06-01-2020 00:00,4,4,4,3,4,3,6,2,6,3,3,2,3,2
459,06-01-2020 00:00,5,5,5,5,5,3,5,3,2,2,4,4,3,2
460,06-01-2020 00:00,4,4,4,4,4,3,3,2,4,3,2,6,3,2
462,06-01-2020 00:00,5,5,5,5,5,5,5,5,5,5,5,5,5,2
463,06-01-2020 00:00,5,5,5,5,5,5,5,5,3,5,2,3,3,2
464,06-01-2020 00:00,5,4,7,7,5,1,1,1,3,1,1,5,2,2
465,06-01-2020 00:00,5,5,5,5,5,5,4,1,4,5,4,5,5,2
466,06-01-2020 00:00,5,5,5,5,5,5,5,5,5,5,5,5,5,2
467,06-01-2020 00:00,3,4,3,3,2,3,3,2,2,2,2,1,2,2
468,06-01-2020 00:00,5,5,5,5,5,5,5,5,5,5,5,5,5,2
488,06-01-2020 00:00,5,5,5,5,5,5,7,7,5,6,6,5,5,2
492,06-01-2020 00:00,3,3,4,4,5,4,5,5,2,3,4,4,4,2
316,06-02-2020 00:00,2,5,4,4,4,4,2,2,2,2,2,2,2,2
317,06-02-2020 00:00,5,5,4,5,5,5,5,5,5,5,5,5,6,2
318,06-02-2020 00:00,5,5,5,5,5,5,5,3,6,6,6,6,6,2
321,06-02-2020 00:00,4,4,5,5,5,4,7,7,4,4,6,5,4,2
322,06-02-2020 00:00,4,5,7,7,5,7,7,7,4,6,6,5,4,2
324,06-02-2020 00:00,3,5,2,6,4,4,2,1,3,3,3,4,3,2
325,06-02-2020 00:00,4,5,4,4,5,5,4,1,4,4,3,5,6,2
330,06-02-2020 00:00,5,5,5,5,5,5,5,4,5,5,5,5,5,2
331,06-02-2020 00:00,4,4,5,5,5,4,6,7,5,4,5,5,4,2
332,06-02-2020 00:00,1,5,2,1,2,1,1,1,1,2,1,4,1,1
333,06-02-2020 00:00,5,5,5,4,5,4,5,4,5,5,4,5,5,2
334,06-02-2020 00:00,4,4,4,4,4,2,2,2,4,3,3,4,2,2
335,06-02-2020 00:00,5,5,7,6,5,4,4,7,4,4,4,4,4,2
336,06-02-2020 00:00,5,5,5,5,5,5,5,7,5,5,5,5,5,1
337,06-02-2020 00:00,5,5,4,5,5,4,4,7,7,5,5,5,5,2
338,06-02-2020 00:00,1,1,4,4,4,4,4,2,3,4,4,4,4,2
339,06-02-2020 00:00,4,4,5,5,5,5,2,2,4,4,5,5,5,2
340,06-02-2020 00:00,4,5,5,3,5,2,1,1,4,3,6,5,6,1
369,06-02-2020 00:00,5,4,5,5,5,5,5,3,5,5,4,5,4,2
370,06-02-2020 00:00,5,5,5,5,5,5,5,5,5,5,5,5,5,2
371,06-02-2020 00:00,5,5,4,4,4,4,4,4,4,4,6,4,4,1
372,06-02-2020 00:00,5,5,5,5,5,5,4,2,3,3,7,5,3,2
373,06-02-2020 00:00,4,5,5,5,5,5,4,4,4,4,4,4,4,2
374,06-02-2020 00:00,5,5,5,5,5,6,7,7,5,5,5,5,5,2
375,06-02-2020 00:00,5,5,5,5,5,5,7,7,5,4,5,5,5,2
376,06-02-2020 00:00,5,5,4,2,5,2,1,1,4,3,2,3,3,2
377,06-02-2020 00:00,5,5,5,5,5,2,2,2,2,5,2,5,4,2
378,06-02-2020 00:00,3,4,3,3,5,5,2,1,3,3,3,4,3,2
379,06-02-2020 00:00,4,5,3,3,5,2,1,1,3,2,1,1,1,1
380,06-02-2020 00:00,5,5,5,5,5,5,7,7,5,7,5,5,5,2
381,06-02-2020 00:00,5,2,5,5,5,5,5,1,4,6,4,4,4,2
382,06-02-2020 00:00,5,5,5,5,5,5,5,5,5,4,5,5,5,1
383,06-02-2020 00:00,5,5,5,5,5,3,4,1,5,6,5,5,4,2
384,06-02-2020 00:00,5,4,4,3,5,4,3,2,3,4,3,4,4,2
406,06-02-2020 00:00,5,3,7,5,5,4,7,6,3,5,5,5,6,2
407,06-02-2020 00:00,5,5,5,5,5,5,7,7,4,4,4,4,4,2
408,06-02-2020 00:00,4,4,5,5,5,5,5,5,3,5,3,5,3,2
409,06-02-2020 00:00,4,3,5,4,5,3,1,1,4,3,3,4,4,2
410,06-02-2020 00:00,5,4,6,1,5,5,7,7,5,7,5,5,5,2
411,06-02-2020 00:00,4,3,4,5,5,3,3,4,2,3,3,5,4,1
412,06-02-2020 00:00,4,5,5,4,5,3,1,1,1,1,2,3,2,2
413,06-02-2020 00:00,4,5,2,2,4,3,1,1,3,3,7,4,2,1
414,06-02-2020 00:00,5,5,5,5,5,5,5,3,4,4,6,5,4,2
493,06-02-2020 00:00,5,5,5,3,5,4,7,7,5,6,4,5,5,2
494,06-02-2020 00:00,5,5,5,4,5,5,7,7,4,4,4,4,4,2
495,06-02-2020 00:00,5,5,5,5,5,7,7,7,5,7,7,5,3,2
496,06-02-2020 00:00,4,5,5,5,5,5,5,7,1,1,3,5,6,2
497,06-02-2020 00:00,4,5,4,4,5,5,7,7,3,6,4,4,3,2
498,06-02-2020 00:00,5,5,5,7,5,5,3,7,4,4,4,5,4,2
500,06-02-2020 00:00,4,5,7,5,5,4,7,7,5,6,5,5,5,2
308,06-03-2020 00:00,3,2,4,2,4,2,2,2,4,2,2,4,6,2
309,06-03-2020 00:00,5,5,4,4,4,2,2,2,4,4,2,4,4,2
310,06-03-2020 00:00,5,5,4,4,5,4,4,4,4,4,4,4,4,2
311,06-03-2020 00:00,5,5,4,4,4,7,7,7,4,4,4,4,4,2
312,06-03-2020 00:00,5,4,4,4,5,4,2,1,3,4,4,5,3,2
313,06-03-2020 00:00,5,5,5,5,5,5,5,2,5,5,5,5,5,2
314,06-03-2020 00:00,4,3,5,4,5,4,2,4,5,4,4,5,4,2
315,06-03-2020 00:00,5,5,5,6,5,5,6,5,4,5,5,5,4,2
329,06-03-2020 00:00,2,2,5,5,4,4,4,1,2,3,4,5,3,2
361,06-03-2020 00:00,3,3,4,2,4,4,4,5,2,2,4,5,6,1
362,06-03-2020 00:00,5,5,5,5,5,5,5,7,5,5,5,5,5,2
363,06-03-2020 00:00,5,5,5,4,5,5,4,7,4,7,4,5,4,2
364,06-03-2020 00:00,4,5,3,7,5,5,2,2,4,6,2,4,4,2
365,06-03-2020 00:00,5,5,4,4,4,4,7,7,4,3,4,4,4,2
366,06-03-2020 00:00,3,4,5,5,5,5,5,5,1,5,5,5,5,1
367,06-03-2020 00:00,4,5,4,3,5,3,3,7,4,6,6,4,6,2
368,06-03-2020 00:00,5,5,5,5,5,5,5,4,5,5,5,5,5,2
394,06-03-2020 00:00,4,3,2,5,5,3,1,1,3,3,4,5,7,2
395,06-03-2020 00:00,5,5,4,5,5,4,2,2,4,6,4,5,4,2
396,06-03-2020 00:00,5,5,5,5,5,5,7,7,5,5,5,5,4,2
397,06-03-2020 00:00,5,5,5,5,5,5,5,5,5,5,5,5,5,2
398,06-03-2020 00:00,1,3,5,5,2,5,1,1,2,1,1,1,1,1
399,06-03-2020 00:00,1,5,5,5,5,5,5,1,5,1,5,5,1,1
400,06-03-2020 00:00,1,5,5,5,5,5,5,7,1,2,1,2,1,2
401,06-03-2020 00:00,5,1,4,4,5,2,4,2,4,2,4,5,4,2
402,06-03-2020 00:00,4,3,4,4,5,4,4,2,2,4,4,4,4,2
403,06-03-2020 00:00,4,5,4,2,5,4,2,2,4,6,2,4,2,2
404,06-03-2020 00:00,4,5,4,4,4,4,5,2,2,2,3,5,3,2
405,06-03-2020 00:00,4,5,5,5,5,5,5,5,4,5,4,5,4,2
424,06-03-2020 00:00,5,2,5,5,5,4,2,4,4,4,4,4,4,2
425,06-03-2020 00:00,5,4,4,3,4,7,7,7,4,4,4,4,4,2
426,06-03-2020 00:00,4,3,4,4,4,2,4,4,4,2,2,4,4,2
427,06-03-2020 00:00,4,4,4,4,4,4,4,2,3,3,2,5,4,2
428,06-03-2020 00:00,5,5,5,5,5,4,2,2,4,5,4,5,6,2
429,06-03-2020 00:00,5,5,5,7,5,7,7,7,4,3,3,3,3,2
430,06-03-2020 00:00,5,5,5,5,5,4,5,2,2,4,4,5,4,2
431,06-03-2020 00:00,5,5,4,2,5,2,2,2,5,4,4,5,2,2
301,06-04-2020 00:00,5,5,5,5,5,5,5,1,5,5,3,5,5,1
302,06-04-2020 00:00,5,5,5,5,5,5,5,5,5,5,5,5,5,2
303,06-04-2020 00:00,4,4,5,5,5,4,4,4,3,4,7,5,4,2
304,06-04-2020 00:00,5,5,5,5,5,5,5,5,2,2,1,4,1,1
305,06-04-2020 00:00,5,5,5,4,5,5,3,7,4,3,4,4,2,2
306,06-04-2020 00:00,3,5,7,7,5,1,1,1,3,6,1,2,3,2
307,06-04-2020 00:00,4,5,3,3,5,5,5,7,5,5,5,5,5,2
341,06-04-2020 00:00,5,5,5,5,5,3,3,3,5,3,3,5,5,1
342,06-04-2020 00:00,4,4,7,7,5,1,1,1,5,3,2,4,4,2
343,06-04-2020 00:00,5,5,5,5,5,5,3,3,5,5,5,5,5,2
344,06-04-2020 00:00,4,4,5,4,5,5,7,3,4,4,4,5,5,2
345,06-04-2020 00:00,3,3,2,3,5,4,1,1,4,4,4,5,3,2
346,06-04-2020 00:00,4,5,4,3,4,3,5,3,5,3,3,4,3,2
347,06-04-2020 00:00,4,4,4,4,5,4,4,3,4,4,3,4,4,2
348,06-04-2020 00:00,4,4,4,4,4,4,4,6,4,4,4,5,4,2
349,06-04-2020 00:00,1,1,1,1,5,2,1,1,2,2,1,4,2,2
350,06-04-2020 00:00,4,4,5,5,5,5,3,3,4,3,4,3,1,2
351,06-04-2020 00:00,3,1,4,5,5,4,1,1,6,6,6,6,1,1
352,06-04-2020 00:00,4,4,3,4,5,5,3,1,3,3,4,5,5,2
353,06-04-2020 00:00,3,5,5,5,3,4,1,1,2,1,1,2,2,2
354,06-04-2020 00:00,5,5,5,3,5,5,2,1,5,5,5,5,4,2
355,06-04-2020 00:00,5,5,4,5,5,5,1,1,5,5,5,5,5,1
356,06-04-2020 00:00,4,4,4,4,4,4,4,4,4,4,4,4,4,2
357,06-04-2020 00:00,4,5,5,5,5,4,3,1,4,4,4,3,4,2
358,06-04-2020 00:00,5,5,5,5,5,5,5,5,4,5,5,5,5,2
359,06-04-2020 00:00,4,4,5,5,5,4,5,1,5,4,3,4,3,2
360,06-04-2020 00:00,5,5,4,1,5,2,1,1,5,3,2,5,4,2
385,06-04-2020 00:00,5,3,5,5,5,5,4,5,5,4,4,5,4,2
386,06-04-2020 00:00,4,5,2,1,5,1,1,1,2,3,1,3,2,2
387,06-04-2020 00:00,5,5,5,5,5,5,5,3,4,5,4,5,5,2
388,06-04-2020 00:00,5,5,5,5,5,5,7,5,5,5,5,5,5,2
389,06-04-2020 00:00,5,5,7,7,5,1,1,1,2,4,1,5,2,2
390,06-04-2020 00:00,2,4,4,3,3,3,1,1,3,2,2,2,2,2
391,06-04-2020 00:00,5,5,5,5,5,5,5,5,5,5,5,5,5,2
392,06-04-2020 00:00,4,5,5,5,5,1,5,7,5,5,5,5,5,2
393,06-04-2020 00:00,5,5,5,5,5,5,1,1,5,6,5,5,5,2
469,06-04-2020 00:00,5,5,5,5,5,5,7,3,3,5,5,5,7,2
470,06-04-2020 00:00,4,4,5,5,5,3,3,1,3,3,3,5,4,2
